State,2021_Families!!Estimate_Mean income (dollars),2021_Families!!Estimate_Median income (dollars),2021_Families!!Estimate_PERCENT ALLOCATED,2021_Families!!Estimate_Total,2021_Families!!Estimate_    Family income in the past 12 months,2021_Families!!Estimate_    Household income in the past 12 months,2021_Families!!Estimate_    Nonfamily income in the past 12 months,2021_Households!!Estimate_Mean income (dollars),2021_Households!!Estimate_Median income (dollars),2021_Households!!Estimate_PERCENT ALLOCATED,2021_Households!!Estimate_Total,2021_Households!!Estimate_    Family income in the past 12 months,2021_Households!!Estimate_    Household income in the past 12 months,2021_Households!!Estimate_    Nonfamily income in the past 12 months,2021_Married-couple families!!Estimate_Mean income (dollars),2021_Married-couple families!!Estimate_Median income (dollars),2021_Married-couple families!!Estimate_PERCENT ALLOCATED,2021_Married-couple families!!Estimate_Total,2021_Married-couple families!!Estimate_    Family income in the past 12 months,2021_Married-couple families!!Estimate_    Household income in the past 12 months,2021_Married-couple families!!Estimate_    Nonfamily income in the past 12 months,2021_Nonfamily households!!Estimate_Mean income (dollars),2021_Nonfamily households!!Estimate_Median income (dollars),2021_Nonfamily households!!Estimate_PERCENT ALLOCATED,2021_Nonfamily households!!Estimate_Total,2021_Nonfamily households!!Estimate_    Family income in the past 12 months,2021_Nonfamily households!!Estimate_    Household income in the past 12 months,2021_Nonfamily households!!Estimate_    Nonfamily income in the past 12 months,2022_Families!!Estimate_Mean income (dollars),2022_Families!!Estimate_Median income (dollars),2022_Families!!Estimate_PERCENT ALLOCATED,2022_Families!!Estimate_Total,2022_Families!!Estimate_    Family income in the past 12 months,2022_Families!!Estimate_    Household income in the past 12 months,2022_Families!!Estimate_    Nonfamily income in the past 12 months,2022_Households!!Estimate_Mean income (dollars),2022_Households!!Estimate_Median income (dollars),2022_Households!!Estimate_PERCENT ALLOCATED,2022_Households!!Estimate_Total,2022_Households!!Estimate_    Family income in the past 12 months,2022_Households!!Estimate_    Household income in the past 12 months,2022_Households!!Estimate_    Nonfamily income in the past 12 months,2022_Married-couple families!!Estimate_Mean income (dollars),2022_Married-couple families!!Estimate_Median income (dollars),2022_Married-couple families!!Estimate_PERCENT ALLOCATED,2022_Married-couple families!!Estimate_Total,2022_Married-couple families!!Estimate_    Family income in the past 12 months,2022_Married-couple families!!Estimate_    Household income in the past 12 months,2022_Married-couple families!!Estimate_    Nonfamily income in the past 12 months,2022_Nonfamily households!!Estimate_Mean income (dollars),2022_Nonfamily households!!Estimate_Median income (dollars),2022_Nonfamily households!!Estimate_PERCENT ALLOCATED,2022_Nonfamily households!!Estimate_Total,2022_Nonfamily households!!Estimate_    Family income in the past 12 months,2022_Nonfamily households!!Estimate_    Household income in the past 12 months,2022_Nonfamily households!!Estimate_    Nonfamily income in the past 12 months,2023_Families!!Estimate_Mean income (dollars),2023_Families!!Estimate_Median income (dollars),2023_Families!!Estimate_PERCENT ALLOCATED,2023_Families!!Estimate_Total,2023_Families!!Estimate_    Family income in the past 12 months,2023_Families!!Estimate_    Household income in the past 12 months,2023_Families!!Estimate_    Nonfamily income in the past 12 months,2023_Households!!Estimate_Mean income (dollars),2023_Households!!Estimate_Median income (dollars),2023_Households!!Estimate_PERCENT ALLOCATED,2023_Households!!Estimate_Total,2023_Households!!Estimate_    Family income in the past 12 months,2023_Households!!Estimate_    Household income in the past 12 months,2023_Households!!Estimate_    Nonfamily income in the past 12 months,2023_Married-couple families!!Estimate_Mean income (dollars),2023_Married-couple families!!Estimate_Median income (dollars),2023_Married-couple families!!Estimate_PERCENT ALLOCATED,2023_Married-couple families!!Estimate_Total,2023_Married-couple families!!Estimate_    Family income in the past 12 months,2023_Married-couple families!!Estimate_    Household income in the past 12 months,2023_Married-couple families!!Estimate_    Nonfamily income in the past 12 months,2023_Nonfamily households!!Estimate_Mean income (dollars),2023_Nonfamily households!!Estimate_Median income (dollars),2023_Nonfamily households!!Estimate_PERCENT ALLOCATED,2023_Nonfamily households!!Estimate_Total,2023_Nonfamily households!!Estimate_    Family income in the past 12 months,2023_Nonfamily households!!Estimate_    Household income in the past 12 months,2023_Nonfamily households!!Estimate_    Nonfamily income in the past 12 months,2024_Families!!Estimate_Mean income (dollars),2024_Families!!Estimate_Median income (dollars),2024_Families!!Estimate_PERCENT ALLOCATED,2024_Families!!Estimate_Total,2024_Families!!Estimate_    Family income in the past 12 months,2024_Families!!Estimate_    Household income in the past 12 months,2024_Families!!Estimate_    Nonfamily income in the past 12 months,2024_Households!!Estimate_Mean income (dollars),2024_Households!!Estimate_Median income (dollars),2024_Households!!Estimate_PERCENT ALLOCATED,2024_Households!!Estimate_Total,2024_Households!!Estimate_    Family income in the past 12 months,2024_Households!!Estimate_    Household income in the past 12 months,2024_Households!!Estimate_    Nonfamily income in the past 12 months,2024_Married-couple families!!Estimate_Mean income (dollars),2024_Married-couple families!!Estimate_Median income (dollars),2024_Married-couple families!!Estimate_PERCENT ALLOCATED,2024_Married-couple families!!Estimate_Total,2024_Married-couple families!!Estimate_    Family income in the past 12 months,2024_Married-couple families!!Estimate_    Household income in the past 12 months,2024_Married-couple families!!Estimate_    Nonfamily income in the past 12 months,2024_Nonfamily households!!Estimate_Mean income (dollars),2024_Nonfamily households!!Estimate_Median income (dollars),2024_Nonfamily households!!Estimate_PERCENT ALLOCATED,2024_Nonfamily households!!Estimate_Total,2024_Nonfamily households!!Estimate_    Family income in the past 12 months,2024_Nonfamily households!!Estimate_    Household income in the past 12 months,2024_Nonfamily households!!Estimate_    Nonfamily income in the past 12 months
Alabama,"92,591","71,006",,"1,271,383",43.2%,(X),(X),"75,923","53,913",,"1,967,559",(X),41.0%,(X),"109,580","87,316",,"904,392",(X),(X),(X),"42,781","30,575",,"696,176",(X),(X),36.0%,"100,785","77,668",,"1,308,988",40.8%,(X),(X),"82,956","59,674",,"2,016,448",(X),38.9%,(X),"118,799","94,370",,"941,596",(X),(X),(X),"47,145","32,330",,"707,460",(X),(X),34.2%,"103,839","79,940",,"1,328,854",40.3%,(X),(X),"85,530","62,212",,"2,051,545",(X),38.7%,(X),"123,679","97,749",,"949,532",(X),(X),(X),"48,701","34,218",,"722,691",(X),(X),34.4%,"109,959","84,851",,"1,328,397",39.6%,(X),(X),"90,741","66,659",,"2,059,528",(X),37.6%,(X),"130,247","103,819",,"945,230",(X),(X),(X),"52,804","37,952",,"731,131",(X),(X),33.2%
Alaska,"117,828","95,344",,"172,376",39.2%,(X),(X),"100,519","77,845",,"271,311",(X),36.7%,(X),"133,300","109,728",,"129,937",(X),(X),(X),"64,656","48,081",,"98,935",(X),(X),31.1%,"124,663","105,329",,"175,789",37.7%,(X),(X),"109,524","88,121",,"274,574",(X),35.9%,(X),"141,287","115,920",,"129,511",(X),(X),(X),"74,242","57,657",,"98,785",(X),(X),30.3%,"133,034","105,752",,"171,370",39.4%,(X),(X),"114,201","86,631",,"276,852",(X),36.5%,(X),"150,477","123,157",,"128,090",(X),(X),(X),"78,066","56,638",,"105,482",(X),(X),29.8%,"143,328","114,035",,"176,794",38.6%,(X),(X),"122,082","95,665",,"274,045",(X),36.8%,(X),"159,180","130,953",,"135,772",(X),(X),(X),"77,659","55,560",,"97,251",(X),(X),30.9%
Arizona,"106,698","81,622",,"1,846,358",42.4%,(X),(X),"93,177","69,056",,"2,817,723",(X),40.3%,(X),"122,243","95,718",,"1,344,242",(X),(X),(X),"61,821","43,690",,"971,365",(X),(X),34.5%,"116,717","88,679",,"1,843,530",40.8%,(X),(X),"101,316","74,568",,"2,850,377",(X),38.9%,(X),"133,297","103,182",,"1,332,270",(X),(X),(X),"66,724","47,840",,"1,006,847",(X),(X),33.6%,"121,773","93,553",,"1,858,236",40.1%,(X),(X),"104,620","77,315",,"2,907,014",(X),38.0%,(X),"138,858","107,847",,"1,359,887",(X),(X),(X),"68,029","49,360",,"1,048,778",(X),(X),32.2%,"129,300","98,284",,"1,910,979",40.6%,(X),(X),"110,522","81,486",,"2,982,475",(X),38.0%,(X),"147,909","115,018",,"1,389,432",(X),(X),(X),"71,378","51,008",,"1,071,496",(X),(X),31.9%
Arkansas,"87,425","66,148",,"777,631",42.7%,(X),(X),"73,126","52,528",,"1,183,675",(X),41.6%,(X),"102,157","79,407",,"565,893",(X),(X),(X),"42,705","29,499",,"406,044",(X),(X),38.0%,"92,935","70,708",,"777,933",39.8%,(X),(X),"76,853","55,432",,"1,216,207",(X),38.4%,(X),"106,939","84,273",,"572,596",(X),(X),(X),"45,384","31,230",,"438,274",(X),(X),34.4%,"97,874","74,179",,"797,254",39.4%,(X),(X),"81,056","58,700",,"1,232,871",(X),38.0%,(X),"114,735","90,436",,"575,802",(X),(X),(X),"46,595","33,635",,"435,617",(X),(X),34.2%,"102,734","79,037",,"806,922",38.4%,(X),(X),"85,474","62,106",,"1,246,754",(X),36.2%,(X),"119,261","95,697",,"590,148",(X),(X),(X),"50,217","36,074",,"439,832",(X),(X),31.0%
California,"135,633","97,388",,"9,146,618",43.3%,(X),(X),"120,953","84,907",,"13,429,063",(X),41.0%,(X),"158,399","116,870",,"6,517,082",(X),(X),(X),"81,318","54,015",,"4,282,445",(X),(X),33.9%,"147,628","104,823",,"9,150,804",42.1%,(X),(X),"131,504","91,551",,"13,550,586",(X),39.9%,(X),"172,535","126,577",,"6,516,115",(X),(X),(X),"89,374","59,348",,"4,399,782",(X),(X),33.3%,"151,243","109,349",,"9,227,560",41.8%,(X),(X),"134,491","95,521",,"13,699,816",(X),39.4%,(X),"176,205","131,674",,"6,572,440",(X),(X),(X),"91,365","61,493",,"4,472,256",(X),(X),32.4%,"157,192","113,969",,"9,297,773",41.6%,(X),(X),"140,112","100,149",,"13,797,638",(X),39.1%,(X),"183,563","138,170",,"6,599,228",(X),(X),(X),"95,264","63,280",,"4,499,865",(X),(X),32.1%
Colorado,"131,631","102,073",,"1,448,655",37.2%,(X),(X),"110,650","82,254",,"2,313,042",(X),35.8%,(X),"148,093","116,632",,"1,124,072",(X),(X),(X),"71,042","51,542",,"864,387",(X),(X),32.0%,"142,387","109,592",,"1,464,182",35.4%,(X),(X),"119,039","89,302",,"2,384,584",(X),34.0%,(X),"159,025","125,490",,"1,144,446",(X),(X),(X),"77,519","57,553",,"920,402",(X),(X),30.8%,"148,071","115,335",,"1,486,623",35.4%,(X),(X),"124,578","92,911",,"2,428,261",(X),33.9%,(X),"165,947","132,187",,"1,160,768",(X),(X),(X),"82,221","60,009",,"941,638",(X),(X),30.5%,"157,149","121,209",,"1,528,321",35.0%,(X),(X),"131,072","97,113",,"2,479,892",(X),33.4%,(X),"175,703","138,217",,"1,196,874",(X),(X),(X),"83,834","62,537",,"951,571",(X),(X),30.0%
Connecticut,"146,203","106,576",,"916,362",41.6%,(X),(X),"120,009","83,771",,"1,428,313",(X),40.1%,(X),"172,356","129,296",,"664,848",(X),(X),(X),"68,045","45,211",,"511,951",(X),(X),35.8%,"157,696","115,183",,"902,539",41.2%,(X),(X),"128,160","88,429",,"1,433,635",(X),39.0%,(X),"185,623","139,531",,"658,900",(X),(X),(X),"72,770","50,964",,"531,096",(X),(X),33.8%,"158,476","115,351",,"923,233",40.9%,(X),(X),"131,007","91,665",,"1,442,969",(X),38.7%,(X),"186,154","140,908",,"668,432",(X),(X),(X),"76,375","53,431",,"519,736",(X),(X),33.7%,"169,866","122,804",,"924,268",40.5%,(X),(X),"139,313","96,049",,"1,455,235",(X),38.1%,(X),"202,522","151,587",,"663,179",(X),(X),(X),"79,634","56,795",,"530,967",(X),(X),32.8%
Delaware,"111,504","87,132",,"256,408",38.1%,(X),(X),"95,633","71,091",,"395,656",(X),36.6%,(X),"128,021","102,769",,"186,477",(X),(X),(X),"57,720","45,456",,"139,248",(X),(X),32.6%,"124,756","100,128",,"263,885",37.8%,(X),(X),"105,438","82,174",,"402,334",(X),35.4%,(X),"139,819","112,712",,"197,223",(X),(X),(X),"62,657","46,579",,"138,449",(X),(X),29.7%,"129,963","100,727",,"268,496",35.7%,(X),(X),"109,486","81,361",,"412,048",(X),33.9%,(X),"148,243","117,885",,"196,308",(X),(X),(X),"65,978","49,863",,"143,552",(X),(X),28.9%,"134,249","105,622",,"271,399",39.2%,(X),(X),"114,291","87,534",,"412,304",(X),36.9%,(X),"152,467","123,300",,"196,270",(X),(X),(X),"70,705","51,848",,"140,905",(X),(X),31.0%
District of Columbia,"192,346","136,184",,"128,733",40.1%,(X),(X),"138,856","90,088",,"319,565",(X),32.2%,(X),N,"215,121",,"77,478",(X),(X),(X),"100,084","76,236",,"190,832",(X),(X),26.3%,"202,466","146,477",,"123,868",40.5%,(X),(X),"148,872","101,027",,"326,970",(X),30.6%,(X),"265,991","213,692",,"77,550",(X),(X),(X),"112,447","82,505",,"203,102",(X),(X),24.0%,"217,653","157,210",,"137,504",38.9%,(X),(X),"160,752","108,210",,"334,673",(X),32.1%,(X),N,"239,178",,"85,373",(X),(X),(X),"116,108","89,007",,"197,169",(X),(X),26.6%,"214,468","151,049",,"137,241",36.7%,(X),(X),"161,107","109,707",,"329,687",(X),31.2%,(X),"296,077","228,926",,"82,541",(X),(X),(X),"119,367","91,309",,"192,446",(X),(X),26.3%
Florida,"104,500","76,199",,"5,510,665",43.2%,(X),(X),"89,573","63,062",,"8,565,329",(X),41.5%,(X),"120,652","90,018",,"3,975,785",(X),(X),(X),"57,751","39,766",,"3,054,664",(X),(X),37.1%,"115,717","83,410",,"5,684,399",40.2%,(X),(X),"99,349","69,303",,"8,826,394",(X),38.2%,(X),"134,074","98,444",,"4,119,638",(X),(X),(X),"64,627","43,665",,"3,141,995",(X),(X),33.1%,"120,444","88,238",,"5,802,895",40.0%,(X),(X),"103,634","73,311",,"8,966,402",(X),38.0%,(X),"138,273","103,336",,"4,213,940",(X),(X),(X),"67,400","45,957",,"3,163,507",(X),(X),32.9%,"126,758","93,615",,"5,922,660",39.7%,(X),(X),"108,835","77,735",,"9,141,675",(X),37.7%,(X),"146,315","109,871",,"4,288,206",(X),(X),(X),"70,356","47,966",,"3,219,015",(X),(X),32.3%
Georgia,"107,259","80,731",,"2,675,262",44.2%,(X),(X),"92,425","66,559",,"4,001,109",(X),42.4%,(X),"127,871","98,384",,"1,881,572",(X),(X),(X),"58,190","41,300",,"1,325,847",(X),(X),37.2%,"116,323","86,642",,"2,733,234",42.7%,(X),(X),"99,863","72,837",,"4,092,467",(X),40.8%,(X),"137,787","105,880",,"1,917,471",(X),(X),(X),"61,965","44,656",,"1,359,233",(X),(X),35.5%,"121,214","91,058",,"2,735,185",43.2%,(X),(X),"103,146","74,632",,"4,150,138",(X),41.4%,(X),"143,275","111,443",,"1,925,665",(X),(X),(X),"63,562","45,317",,"1,414,953",(X),(X),36.6%,"127,551","96,419",,"2,793,843",43.7%,(X),(X),"108,907","79,991",,"4,220,732",(X),41.5%,(X),"149,586","116,922",,"1,971,007",(X),(X),(X),"67,057","49,250",,"1,426,889",(X),(X),36.0%
Hawaii,"127,684","100,890",,"334,899",43.0%,(X),(X),"111,751","84,857",,"490,080",(X),41.0%,(X),"141,101","113,919",,"248,069",(X),(X),(X),"66,808","49,452",,"155,181",(X),(X),33.8%,"135,028","108,285",,"335,052",40.8%,(X),(X),"120,969","92,458",,"494,827",(X),38.7%,(X),"151,985","122,592",,"240,727",(X),(X),(X),"76,308","53,295",,"159,775",(X),(X),31.9%,"140,701","113,856",,"336,748",39.8%,(X),(X),"124,713","95,322",,"493,898",(X),38.1%,(X),"156,914","128,308",,"248,739",(X),(X),(X),"76,040","53,331",,"157,150",(X),(X),31.3%,"147,865","119,933",,"331,709",38.9%,(X),(X),"131,862","100,745",,"493,151",(X),37.3%,(X),"163,160","133,605",,"241,695",(X),(X),(X),"83,083","58,685",,"161,442",(X),(X),30.9%
Idaho,"101,601","79,993",,"476,470",34.0%,(X),(X),"89,955","66,474",,"693,882",(X),33.5%,(X),"111,597","88,433",,"385,704",(X),(X),(X),"59,986","38,607",,"217,412",(X),(X),30.6%,"108,727","85,193",,"491,073",34.4%,(X),(X),"94,503","72,785",,"717,151",(X),34.3%,(X),"119,113","93,252",,"396,372",(X),(X),(X),"57,863","42,145",,"226,078",(X),(X),32.3%,"114,190","91,098",,"510,562",35.0%,(X),(X),"98,653","74,942",,"733,244",(X),34.4%,(X),"124,695","99,346",,"408,624",(X),(X),(X),"57,791","42,022",,"222,682",(X),(X),31.6%,"119,379","96,310",,"512,450",33.7%,(X),(X),"104,073","81,166",,"751,181",(X),33.1%,(X),"131,124","105,402",,"410,032",(X),(X),(X),"65,214","48,391",,"238,731",(X),(X),30.6%
Illinois,"120,125","90,861",,"3,135,600",42.0%,(X),(X),"99,874","72,205",,"4,991,641",(X),39.3%,(X),"139,935","108,583",,"2,300,396",(X),(X),(X),"62,051","43,121",,"1,856,041",(X),(X),33.7%,"129,493","96,948",,"3,137,923",40.9%,(X),(X),"106,728","76,708",,"5,056,360",(X),38.5%,(X),"151,829","116,450",,"2,282,497",(X),(X),(X),"65,371","46,533",,"1,918,437",(X),(X),33.3%,"134,394","101,886",,"3,133,511",41.4%,(X),(X),"110,930","80,306",,"5,071,288",(X),38.6%,(X),"156,689","120,927",,"2,274,511",(X),(X),(X),"69,009","48,842",,"1,937,777",(X),(X),33.0%,"140,124","106,800",,"3,139,340",40.6%,(X),(X),"115,705","83,211",,"5,105,448",(X),37.7%,(X),"163,289","127,452",,"2,287,305",(X),(X),(X),"72,007","50,342",,"1,966,108",(X),(X),32.0%
Indiana,"99,248","79,243",,"1,717,448",39.1%,(X),(X),"82,643","62,743",,"2,680,694",(X),37.4%,(X),"113,555","91,970",,"1,285,451",(X),(X),(X),"49,238","36,751",,"963,246",(X),(X),33.2%,"106,944","84,508",,"1,740,106",36.7%,(X),(X),"88,805","66,785",,"2,726,489",(X),35.5%,(X),"122,445","97,914",,"1,307,913",(X),(X),(X),"53,033","39,768",,"986,383",(X),(X),32.2%,"111,042","87,851",,"1,734,567",35.8%,(X),(X),"91,900","69,477",,"2,754,881",(X),34.6%,(X),"127,546","103,145",,"1,287,098",(X),(X),(X),"55,268","41,309",,"1,020,314",(X),(X),31.5%,"114,934","90,323",,"1,766,749",36.0%,(X),(X),"95,565","71,959",,"2,775,637",(X),34.5%,(X),"132,730","106,778",,"1,293,561",(X),(X),(X),"57,147","42,363",,"1,008,888",(X),(X),30.6%
Iowa,"105,137","84,908",,"807,506",34.8%,(X),(X),"86,499","65,600",,"1,300,467",(X),34.2%,(X),"117,686","96,168",,"638,989",(X),(X),(X),"51,885","38,979",,"492,961",(X),(X),31.6%,"114,205","90,851",,"821,960",33.8%,(X),(X),"92,695","69,588",,"1,330,995",(X),33.4%,(X),"128,072","103,754",,"646,759",(X),(X),(X),"54,531","41,504",,"509,035",(X),(X),31.5%,"115,060","92,352",,"819,792",33.1%,(X),(X),"93,942","71,433",,"1,337,243",(X),32.1%,(X),"129,189","105,537",,"644,904",(X),(X),(X),"56,970","42,048",,"517,451",(X),(X),29.6%,"117,381","96,797",,"832,872",33.5%,(X),(X),"96,497","75,501",,"1,343,422",(X),32.3%,(X),"132,710","110,683",,"642,672",(X),(X),(X),"58,386","45,281",,"510,550",(X),(X),29.3%
Kansas,"105,012","82,637",,"741,029",36.2%,(X),(X),"86,580","64,124",,"1,159,026",(X),35.3%,(X),"119,449","95,458",,"574,260",(X),(X),(X),"50,523","36,685",,"417,997",(X),(X),32.6%,"113,962","89,712",,"740,407",37.2%,(X),(X),"93,221","68,925",,"1,175,294",(X),35.9%,(X),"128,205","102,123",,"574,286",(X),(X),(X),"54,058","39,735",,"434,887",(X),(X),32.3%,"113,966","90,492",,"753,460",35.5%,(X),(X),"93,781","70,333",,"1,188,340",(X),34.0%,(X),"128,868","103,964",,"581,346",(X),(X),(X),"54,987","41,087",,"434,880",(X),(X),30.2%,"124,483","96,101",,"758,824",34.9%,(X),(X),"101,988","75,514",,"1,204,374",(X),34.0%,(X),"140,174","111,024",,"590,956",(X),(X),(X),"59,372","44,477",,"445,550",(X),(X),31.2%
Kentucky,"90,106","70,060",,"1,159,532",37.6%,(X),(X),"76,234","55,573",,"1,785,682",(X),35.9%,(X),"104,785","83,954",,"850,400",(X),(X),(X),"47,032","32,452",,"626,150",(X),(X),31.3%,"99,631","76,119",,"1,172,125",36.1%,(X),(X),"82,614","59,341",,"1,828,680",(X),34.6%,(X),"115,427","91,212",,"860,710",(X),(X),(X),"48,151","33,993",,"656,555",(X),(X),30.6%,"100,215","77,935",,"1,187,553",36.6%,(X),(X),"83,499","61,118",,"1,853,603",(X),34.8%,(X),"116,971","93,544",,"867,100",(X),(X),(X),"49,828","36,323",,"666,050",(X),(X),30.6%,"105,546","82,757",,"1,189,969",36.9%,(X),(X),"87,717","64,526",,"1,865,456",(X),34.8%,(X),"122,424","98,920",,"866,644",(X),(X),(X),"52,411","38,452",,"675,487",(X),(X),29.9%
Louisiana,"90,570","67,045",,"1,138,131",47.3%,(X),(X),"75,590","52,087",,"1,783,924",(X),44.6%,(X),"112,131","88,243",,"756,880",(X),(X),(X),"45,785","30,626",,"645,793",(X),(X),38.4%,"96,505","72,866",,"1,131,137",41.7%,(X),(X),"79,175","55,416",,"1,816,902",(X),39.9%,(X),"119,167","94,699",,"754,142",(X),(X),(X),"47,270","32,360",,"685,765",(X),(X),35.5%,"101,069","75,974",,"1,152,396",42.0%,(X),(X),"83,303","58,229",,"1,833,915",(X),39.1%,(X),"123,493","96,460",,"767,299",(X),(X),(X),"49,634","32,837",,"681,519",(X),(X),33.4%,"105,961","80,529",,"1,154,304",41.1%,(X),(X),"86,656","60,986",,"1,848,965",(X),39.5%,(X),"130,588","104,613",,"769,606",(X),(X),(X),"51,129","36,040",,"694,661",(X),(X),35.6%
Maine,"106,929","82,842",,"365,226",34.0%,(X),(X),"87,756","64,767",,"593,626",(X),33.5%,(X),"119,450","93,712",,"288,115",(X),(X),(X),"52,814","38,143",,"228,400",(X),(X),31.4%,"114,321","88,063",,"370,935",33.3%,(X),(X),"93,555","69,543",,"605,338",(X),33.1%,(X),"127,359","100,366",,"292,681",(X),(X),(X),"55,434","40,639",,"234,403",(X),(X),31.2%,"115,534","91,546",,"375,377",36.0%,(X),(X),"97,157","73,733",,"616,085",(X),35.1%,(X),"129,513","104,055",,"294,871",(X),(X),(X),"63,378","45,735",,"240,708",(X),(X),32.7%,"125,691","99,546",,"370,334",33.8%,(X),(X),"102,734","76,442",,"615,235",(X),32.8%,(X),"138,527","110,544",,"293,267",(X),(X),(X),"63,299","45,568",,"244,901",(X),(X),30.2%
Maryland,"142,408","110,978",,"1,549,154",38.8%,(X),(X),"119,958","90,203",,"2,355,652",(X),37.4%,(X),"167,746","135,128",,"1,108,456",(X),(X),(X),"71,519","54,348",,"806,498",(X),(X),33.0%,"148,486","117,294",,"1,546,282",39.4%,(X),(X),"125,876","94,991",,"2,375,984",(X),37.7%,(X),"172,927","141,599",,"1,104,626",(X),(X),(X),"77,318","57,179",,"829,702",(X),(X),32.8%,"154,194","121,875",,"1,533,915",38.5%,(X),(X),"129,366","98,678",,"2,384,715",(X),36.8%,(X),"178,757","146,333",,"1,092,004",(X),(X),(X),"77,885","60,660",,"850,800",(X),(X),31.9%,"163,548","130,035",,"1,541,015",39.5%,(X),(X),"136,413","102,905",,"2,401,394",(X),37.2%,(X),"191,211","158,746",,"1,091,914",(X),(X),(X),"81,279","61,759",,"860,379",(X),(X),31.6%
Massachusetts,"150,788","113,822",,"1,719,532",43.4%,(X),(X),"124,789","89,645",,"2,759,018",(X),41.0%,(X),"175,658","136,843",,"1,268,347",(X),(X),(X),"76,380","52,250",,"1,039,486",(X),(X),35.5%,"162,406","120,263",,"1,724,355",41.7%,(X),(X),"133,823","94,488",,"2,797,776",(X),39.4%,(X),"191,170","145,577",,"1,263,224",(X),(X),(X),"82,617","55,979",,"1,073,421",(X),(X),34.5%,"168,151","126,104",,"1,730,855",42.3%,(X),(X),"138,516","99,858",,"2,800,984",(X),39.6%,(X),"195,131","151,403",,"1,269,734",(X),(X),(X),"84,654","59,594",,"1,070,129",(X),(X),34.0%,"174,000","131,831",,"1,761,366",42.2%,(X),(X),"144,312","104,828",,"2,829,804",(X),39.4%,(X),"203,136","159,210",,"1,282,733",(X),(X),(X),"89,402","61,790",,"1,068,438",(X),(X),33.5%
Michigan,"103,695","80,523",,"2,549,542",40.3%,(X),(X),"86,093","63,498",,"4,051,798",(X),39.0%,(X),"119,645","95,246",,"1,875,558",(X),(X),(X),"52,407","37,666",,"1,502,256",(X),(X),35.3%,"111,255","85,865",,"2,548,560",38.0%,(X),(X),"91,856","66,986",,"4,089,794",(X),36.7%,(X),"128,843","102,076",,"1,868,821",(X),(X),(X),"56,097","40,459",,"1,541,234",(X),(X),33.5%,"114,255","88,499",,"2,566,352",36.9%,(X),(X),"93,806","69,183",,"4,107,809",(X),35.2%,(X),"131,216","104,537",,"1,896,709",(X),(X),(X),"56,097","41,497",,"1,541,457",(X),(X),31.1%,"120,336","93,305",,"2,566,245",36.3%,(X),(X),"98,697","72,389",,"4,131,281",(X),34.6%,(X),"138,813","110,529",,"1,897,370",(X),(X),(X),"59,693","44,047",,"1,565,036",(X),(X),30.8%
Minnesota,"125,058","99,567",,"1,427,221",34.6%,(X),(X),"103,305","77,720",,"2,281,033",(X),33.9%,(X),"140,453","113,456",,"1,122,121",(X),(X),(X),"62,185","46,436",,"853,812",(X),(X),31.5%,"133,458","105,324",,"1,456,312",33.0%,(X),(X),"109,737","82,338",,"2,322,190",(X),32.3%,(X),"149,174","119,140",,"1,147,255",(X),(X),(X),"65,533","48,461",,"865,878",(X),(X),29.8%,"138,533","108,215",,"1,447,372",32.5%,(X),(X),"113,293","85,086",,"2,344,432",(X),31.6%,(X),"154,644","122,974",,"1,140,240",(X),(X),(X),"67,500","50,692",,"897,060",(X),(X),28.9%,"142,691","112,716",,"1,453,940",32.3%,(X),(X),"116,159","87,117",,"2,363,442",(X),31.5%,(X),"159,823","128,690",,"1,138,143",(X),(X),(X),"68,930","52,211",,"909,502",(X),(X),28.8%
Mississippi,"81,780","64,035",,"742,851",44.9%,(X),(X),"68,048","48,716",,"1,129,611",(X),42.8%,(X),"100,250","82,789",,"498,803",(X),(X),(X),"38,689","26,954",,"386,760",(X),(X),37.2%,"87,442","66,973",,"754,264",43.7%,(X),(X),"72,624","52,719",,"1,148,340",(X),41.0%,(X),"106,427","85,762",,"503,356",(X),(X),(X),"40,989","28,667",,"394,076",(X),(X),34.9%,"92,919","72,259",,"753,239",43.2%,(X),(X),"76,305","54,203",,"1,166,617",(X),40.4%,(X),"113,147","91,615",,"507,946",(X),(X),(X),"42,954","30,283",,"413,378",(X),(X),34.1%,"96,698","76,879",,"769,191",42.5%,(X),(X),"80,847","59,127",,"1,176,690",(X),39.7%,(X),"118,290","98,570",,"510,177",(X),(X),(X),"47,442","32,115",,"407,499",(X),(X),33.3%
Missouri,"103,361","79,084",,"1,555,743",36.8%,(X),(X),"84,920","61,847",,"2,468,726",(X),35.6%,(X),"118,376","92,163",,"1,176,418",(X),(X),(X),"50,134","36,036",,"912,983",(X),(X),32.5%,"108,019","83,420",,"1,569,735",36.1%,(X),(X),"88,586","64,811",,"2,521,832",(X),35.3%,(X),"123,979","98,090",,"1,168,049",(X),(X),(X),"52,852","38,435",,"952,097",(X),(X),32.7%,"113,860","88,850",,"1,587,271",35.1%,(X),(X),"93,074","68,545",,"2,556,271",(X),33.9%,(X),"129,879","103,254",,"1,190,753",(X),(X),(X),"55,229","41,014",,"969,000",(X),(X),30.8%,"118,023","92,101",,"1,591,484",34.6%,(X),(X),"96,920","71,589",,"2,563,244",(X),33.2%,(X),"135,536","107,473",,"1,190,688",(X),(X),(X),"58,068","42,092",,"971,760",(X),(X),29.5%
Montana,"103,786","79,958",,"275,623",37.1%,(X),(X),"87,083","63,249",,"448,949",(X),35.8%,(X),"116,080","91,666",,"219,056",(X),(X),(X),"55,835","38,707",,"173,326",(X),(X),33.2%,"109,448","83,580",,"282,216",38.0%,(X),(X),"90,874","67,631",,"464,072",(X),36.2%,(X),"121,898","94,791",,"223,380",(X),(X),(X),"58,278","40,582",,"181,856",(X),(X),32.2%,"113,037","88,591",,"286,269",35.3%,(X),(X),"94,069","70,804",,"472,867",(X),33.9%,(X),"124,585","100,020",,"228,589",(X),(X),(X),"61,521","41,938",,"186,598",(X),(X),30.9%,"124,922","97,801",,"285,217",35.6%,(X),(X),"101,634","75,340",,"468,981",(X),33.6%,(X),"137,755","108,127",,"229,637",(X),(X),(X),"61,998","44,974",,"183,764",(X),(X),30.0%
Nebraska,"109,786","88,484",,"495,142",35.9%,(X),(X),"89,209","66,817",,"785,982",(X),34.2%,(X),"123,126","99,687",,"391,102",(X),(X),(X),"50,988","37,749",,"290,840",(X),(X),30.1%,"116,618","92,676",,"501,595",35.4%,(X),(X),"94,599","69,597",,"803,157",(X),34.0%,(X),"132,582","106,393",,"390,540",(X),(X),(X),"54,076","40,712",,"301,562",(X),(X),30.6%,"124,408","96,439",,"507,500",35.5%,(X),(X),"101,268","74,590",,"813,864",(X),34.2%,(X),"138,555","107,610",,"398,895",(X),(X),(X),"58,598","42,849",,"306,364",(X),(X),30.7%,"122,371","100,245",,"514,383",36.0%,(X),(X),"100,280","76,376",,"824,012",(X),34.0%,(X),"137,054","112,075",,"402,810",(X),(X),(X),"59,323","45,631",,"309,629",(X),(X),29.5%
Nevada,"103,213","78,526",,"753,696",43.0%,(X),(X),"89,961","66,274",,"1,191,380",(X),41.1%,(X),"120,161","92,779",,"522,193",(X),(X),(X),"61,255","42,026",,"437,684",(X),(X),35.5%,"112,544","85,593",,"773,666",40.0%,(X),(X),"98,422","72,333",,"1,198,356",(X),38.6%,(X),"129,581","100,620",,"530,175",(X),(X),(X),"66,078","46,176",,"424,690",(X),(X),34.4%,"118,125","90,232",,"767,682",39.5%,(X),(X),"103,067","76,364",,"1,224,685",(X),37.5%,(X),"138,100","107,635",,"528,265",(X),(X),(X),"70,899","50,647",,"457,003",(X),(X),32.3%,"125,529","96,389",,"781,761",39.9%,(X),(X),"109,620","81,134",,"1,238,925",(X),37.8%,(X),"147,393","114,402",,"538,328",(X),(X),(X),"75,049","51,606",,"457,164",(X),(X),32.4%
New Hampshire,"131,377","108,208",,"361,209",36.2%,(X),(X),"111,908","88,465",,"548,026",(X),35.5%,(X),"144,633","121,400",,"286,604",(X),(X),(X),"67,462","48,469",,"186,817",(X),(X),32.4%,"140,757","112,950",,"358,120",34.3%,(X),(X),"119,452","89,992",,"557,220",(X),33.4%,(X),"154,617","126,386",,"285,354",(X),(X),(X),"75,262","52,292",,"199,100",(X),(X),30.2%,"148,204","116,546",,"367,335",33.1%,(X),(X),"124,500","96,838",,"569,493",(X),32.5%,(X),"163,967","133,780",,"292,316",(X),(X),(X),"74,525","55,035",,"202,158",(X),(X),29.9%,"156,219","124,960",,"361,715",33.9%,(X),(X),"128,604","99,782",,"570,689",(X),32.9%,(X),"172,456","139,183",,"287,265",(X),(X),(X),"74,643","55,415",,"208,974",(X),(X),30.0%
New Jersey,"147,745","110,102",,"2,379,328",43.2%,(X),(X),"124,951","89,296",,"3,497,945",(X),41.2%,(X),"170,911","132,308",,"1,763,645",(X),(X),(X),"70,650","50,424",,"1,118,617",(X),(X),35.3%,"157,601","117,988",,"2,378,459",41.6%,(X),(X),"134,191","96,346",,"3,516,978",(X),39.5%,(X),"181,939","140,500",,"1,753,523",(X),(X),(X),"78,512","54,589",,"1,138,519",(X),(X),33.4%,"161,739","121,944",,"2,395,738",42.2%,(X),(X),"138,153","99,781",,"3,538,457",(X),39.6%,(X),"188,089","146,672",,"1,755,631",(X),(X),(X),"81,483","58,033",,"1,142,719",(X),(X),32.5%,"167,365","127,593",,"2,414,189",40.7%,(X),(X),"143,216","104,294",,"3,543,944",(X),38.4%,(X),"194,803","152,435",,"1,764,953",(X),(X),(X),"84,494","60,668",,"1,129,755",(X),(X),32.0%
New Mexico,"90,496","67,786",,"522,651",38.4%,(X),(X),"76,989","53,992",,"834,007",(X),36.3%,(X),"108,441","86,242",,"357,938",(X),(X),(X),"50,572","35,517",,"311,356",(X),(X),31.0%,"97,014","74,341",,"516,464",39.5%,(X),(X),"82,382","59,726",,"848,218",(X),36.7%,(X),"116,046","92,049",,"344,144",(X),(X),(X),"55,207","36,532",,"331,754",(X),(X),30.7%,"98,871","75,197",,"524,550",38.7%,(X),(X),"85,782","62,268",,"856,580",(X),36.1%,(X),"120,087","95,566",,"350,569",(X),(X),(X),"59,694","42,058",,"332,030",(X),(X),30.1%,"108,068","84,387",,"522,330",39.9%,(X),(X),"91,875","67,816",,"856,970",(X),36.1%,(X),"127,801","102,481",,"347,132",(X),(X),(X),"61,747","44,453",,"334,640",(X),(X),29.1%
New York,"130,360","92,454",,"4,715,750",48.0%,(X),(X),"109,732","74,314",,"7,652,666",(X),44.6%,(X),"155,050","113,319",,"3,268,729",(X),(X),(X),"71,076","45,740",,"2,936,916",(X),(X),37.5%,"141,334","99,066",,"4,738,232",46.8%,(X),(X),"119,130","79,557",,"7,774,308",(X),43.3%,(X),"168,776","121,320",,"3,288,930",(X),(X),(X),"78,600","50,181",,"3,036,076",(X),(X),36.4%,"144,786","102,038",,"4,751,812",46.4%,(X),(X),"122,227","82,095",,"7,809,267",(X),42.7%,(X),"172,336","125,845",,"3,290,690",(X),(X),(X),"80,955","51,619",,"3,057,455",(X),(X),35.7%,"152,219","106,073",,"4,760,304",45.8%,(X),(X),"128,562","85,820",,"7,828,074",(X),41.9%,(X),"181,851","130,648",,"3,284,367",(X),(X),(X),"85,493","53,817",,"3,067,770",(X),(X),34.5%
North Carolina,"103,912","77,601",,"2,685,695",39.7%,(X),(X),"86,804","61,972",,"4,179,632",(X),38.3%,(X),"121,482","93,659",,"1,976,957",(X),(X),(X),"52,726","36,966",,"1,493,937",(X),(X),34.3%,"112,123","83,448",,"2,785,497",38.5%,(X),(X),"94,353","67,481",,"4,299,266",(X),36.8%,(X),"130,320","99,793",,"2,057,368",(X),(X),(X),"58,122","41,534",,"1,513,769",(X),(X),32.6%,"117,061","87,911",,"2,826,531",38.2%,(X),(X),"98,139","70,804",,"4,392,669",(X),37.1%,(X),"136,208","105,117",,"2,080,906",(X),(X),(X),"60,157","43,431",,"1,566,138",(X),(X),33.8%,"124,680","92,847",,"2,878,473",38.6%,(X),(X),"103,766","73,958",,"4,496,359",(X),36.9%,(X),"145,385","111,345",,"2,112,307",(X),(X),(X),"62,702","45,293",,"1,617,886",(X),(X),32.6%
North Dakota,"107,876","89,504",,"190,518",39.6%,(X),(X),"86,666","66,519",,"322,511",(X),38.3%,(X),"120,299","101,310",,"148,550",(X),(X),(X),"52,702","38,264",,"131,993",(X),(X),35.3%,"125,399","97,853",,"193,761",36.7%,(X),(X),"97,699","71,970",,"331,481",(X),34.6%,(X),"138,061","108,453",,"156,026",(X),(X),(X),"55,371","43,372",,"137,720",(X),(X),30.9%,"125,994","103,823",,"191,997",36.2%,(X),(X),"98,324","76,525",,"338,059",(X),34.9%,(X),"138,698","115,330",,"155,411",(X),(X),(X),"58,736","45,661",,"146,062",(X),(X),32.6%,"131,469","103,393",,"200,025",37.6%,(X),(X),"103,487","77,871",,"349,705",(X),34.8%,(X),"148,534","118,577",,"158,667",(X),(X),(X),"63,218","48,273",,"149,680",(X),(X),30.5%
Ohio,"103,110","80,760",,"2,986,455",36.2%,(X),(X),"84,572","62,262",,"4,832,922",(X),34.9%,(X),"121,275","97,373",,"2,162,168",(X),(X),(X),"51,276","37,034",,"1,846,467",(X),(X),31.6%,"110,719","86,001",,"2,983,145",35.5%,(X),(X),"90,109","65,720",,"4,878,206",(X),34.1%,(X),"129,527","103,290",,"2,173,755",(X),(X),(X),"54,221","40,164",,"1,895,061",(X),(X),30.7%,"115,168","89,221",,"2,994,112",36.3%,(X),(X),"93,500","67,769",,"4,917,309",(X),34.5%,(X),"135,224","106,890",,"2,172,396",(X),(X),(X),"56,134","41,286",,"1,923,197",(X),(X),30.4%,"119,315","93,734",,"3,017,765",36.1%,(X),(X),"97,483","72,212",,"4,929,322",(X),34.6%,(X),"139,073","112,149",,"2,196,451",(X),(X),(X),"58,943","43,070",,"1,911,557",(X),(X),30.9%
Oklahoma,"90,118","69,967",,"999,852",40.9%,(X),(X),"75,430","55,826",,"1,547,967",(X),39.2%,(X),"105,371","84,793",,"731,871",(X),(X),(X),"45,211","32,980",,"548,115",(X),(X),35.1%,"98,937","75,476",,"1,017,586",39.4%,(X),(X),"82,741","59,673",,"1,573,180",(X),38.1%,(X),"114,545","90,595",,"746,847",(X),(X),(X),"49,318","35,419",,"555,594",(X),(X),34.1%,"103,381","80,417",,"1,018,318",39.0%,(X),(X),"85,650","62,138",,"1,589,105",(X),37.0%,(X),"120,079","95,573",,"735,765",(X),(X),(X),"50,640","37,256",,"570,787",(X),(X),32.4%,"107,754","82,640",,"1,030,442",38.7%,(X),(X),"90,075","66,148",,"1,603,748",(X),36.9%,(X),"125,811","100,115",,"747,696",(X),(X),(X),"54,161","39,816",,"573,306",(X),(X),32.2%
Oregon,"113,270","88,085",,"1,054,032",34.2%,(X),(X),"95,662","71,562",,"1,702,599",(X),33.3%,(X),"127,809","101,259",,"806,612",(X),(X),(X),"61,912","44,491",,"648,567",(X),(X),29.7%,"123,364","93,384",,"1,041,083",32.7%,(X),(X),"102,923","75,657",,"1,726,340",(X),31.7%,(X),"140,570","108,201",,"788,221",(X),(X),(X),"66,755","48,114",,"685,257",(X),(X),28.7%,"125,331","97,946",,"1,083,103",33.1%,(X),(X),"107,214","80,160",,"1,752,050",(X),32.3%,(X),"142,653","113,252",,"810,607",(X),(X),(X),"71,598","50,157",,"668,947",(X),(X),29.2%,"132,592","104,569",,"1,072,174",33.2%,(X),(X),"110,900","85,220",,"1,744,270",(X),32.7%,(X),"148,806","120,342",,"815,824",(X),(X),(X),"70,132","51,041",,"672,096",(X),(X),30.2%
Pennsylvania,"112,917","87,500",,"3,298,555",40.8%,(X),(X),"93,835","68,957",,"5,228,956",(X),39.0%,(X),"130,454","103,315",,"2,449,955",(X),(X),(X),"57,455","39,969",,"1,930,401",(X),(X),34.7%,"121,871","93,029",,"3,294,814",39.1%,(X),(X),"100,015","71,798",,"5,294,065",(X),37.2%,(X),"140,307","109,173",,"2,462,324",(X),(X),(X),"60,489","42,203",,"1,999,251",(X),(X),32.9%,"124,838","94,367",,"3,316,875",38.5%,(X),(X),"102,578","73,824",,"5,324,209",(X),37.0%,(X),"144,981","111,664",,"2,446,845",(X),(X),(X),"61,447","43,501",,"2,007,334",(X),(X),33.5%,"131,583","100,557",,"3,329,815",38.2%,(X),(X),"107,471","77,545",,"5,361,724",(X),35.9%,(X),"151,352","118,521",,"2,473,004",(X),(X),(X),"63,902","45,993",,"2,031,909",(X),(X),31.2%
Puerto Rico,"41,678","27,669",,"738,853",39.3%,(X),(X),"35,452","22,237",,"1,165,982",(X),36.3%,(X),"53,721","36,333",,"401,781",(X),(X),(X),"21,531","13,535",,"427,129",(X),(X),28.0%,"45,243","29,544",,"820,788",38.1%,(X),(X),"39,142","24,112",,"1,289,311",(X),35.5%,(X),"59,169","39,637",,"449,853",(X),(X),(X),"24,694","15,006",,"468,523",(X),(X),28.2%,"48,941","32,091",,"798,202",39.2%,(X),(X),"41,592","25,621",,"1,277,486",(X),35.0%,(X),"62,278","42,665",,"434,951",(X),(X),(X),"26,028","15,409",,"479,284",(X),(X),26.0%,"51,730","34,730",,"764,486",40.2%,(X),(X),"43,218","27,213",,"1,242,609",(X),35.9%,(X),"66,720","44,847",,"419,876",(X),(X),(X),"26,592","16,524",,"478,123",(X),(X),27.5%
Rhode Island,"122,029","97,304",,"268,718",46.2%,(X),(X),"99,144","74,008",,"440,170",(X),43.1%,(X),"142,633","116,036",,"194,722",(X),(X),(X),"58,838","43,210",,"171,452",(X),(X),37.2%,"133,207","105,989",,"266,935",42.8%,(X),(X),"108,023","81,854",,"446,688",(X),40.8%,(X),"153,078","126,702",,"188,207",(X),(X),(X),"65,595","48,459",,"179,753",(X),(X),36.3%,"138,420","110,143",,"268,831",43.5%,(X),(X),"113,091","84,972",,"443,980",(X),41.7%,(X),"160,916","130,921",,"193,263",(X),(X),(X),"68,322","51,650",,"175,149",(X),(X),36.8%,"137,481","108,082",,"269,995",42.4%,(X),(X),"114,532","83,504",,"448,318",(X),39.7%,(X),"159,665","131,985",,"193,758",(X),(X),(X),"74,899","51,211",,"178,323",(X),(X),34.0%
South Carolina,"96,209","73,901",,"1,337,289",42.9%,(X),(X),"81,580","59,318",,"2,049,972",(X),42.3%,(X),"113,027","90,012",,"964,209",(X),(X),(X),"50,546","35,847",,"712,683",(X),(X),39.9%,"105,495","79,886",,"1,398,412",40.6%,(X),(X),"88,704","64,115",,"2,136,080",(X),39.4%,(X),"123,598","96,419",,"1,018,293",(X),(X),(X),"53,647","38,426",,"737,668",(X),(X),36.2%,"109,676","83,747",,"1,422,966",40.9%,(X),(X),"92,578","67,804",,"2,177,733",(X),39.2%,(X),"128,855","101,770",,"1,036,532",(X),(X),(X),"56,369","41,014",,"754,767",(X),(X),34.7%,"116,697","90,883",,"1,460,157",39.5%,(X),(X),"97,757","72,350",,"2,222,890",(X),38.4%,(X),"134,839","107,819",,"1,070,193",(X),(X),(X),"57,605","42,589",,"762,733",(X),(X),34.9%
South Dakota,"105,008","82,562",,"221,214",33.5%,(X),(X),"86,194","66,143",,"356,887",(X),32.8%,(X),"118,049","93,567",,"175,003",(X),(X),(X),"53,024","40,405",,"135,673",(X),(X),30.7%,"110,227","89,573",,"224,853",33.3%,(X),(X),"90,806","69,728",,"368,300",(X),32.8%,(X),"123,656","101,659",,"177,786",(X),(X),(X),"57,250","42,028",,"143,447",(X),(X),31.0%,"120,001","94,560",,"231,690",34.1%,(X),(X),"96,650","71,810",,"378,559",(X),33.2%,(X),"134,536","106,869",,"182,163",(X),(X),(X),"56,249","41,971",,"146,869",(X),(X),30.6%,"121,465","98,083",,"236,510",34.2%,(X),(X),"100,178","76,881",,"382,302",(X),32.4%,(X),"134,597","110,370",,"188,332",(X),(X),(X),"61,595","47,275",,"145,792",(X),(X),28.6%
Tennessee,"100,324","74,709",,"1,782,813",41.0%,(X),(X),"83,777","59,695",,"2,770,395",(X),39.9%,(X),"116,905","89,329",,"1,303,575",(X),(X),(X),"50,163","35,951",,"987,582",(X),(X),36.3%,"105,555","80,910",,"1,846,572",39.9%,(X),(X),"89,799","65,254",,"2,846,684",(X),38.5%,(X),"123,035","96,141",,"1,342,153",(X),(X),(X),"56,860","40,285",,"1,000,112",(X),(X),34.2%,"112,053","85,440",,"1,847,158",40.7%,(X),(X),"94,180","67,631",,"2,889,226",(X),38.8%,(X),"129,592","101,367",,"1,350,430",(X),(X),(X),"58,259","41,407",,"1,042,068",(X),(X),34.4%,"118,478","90,018",,"1,874,168",39.7%,(X),(X),"99,759","71,997",,"2,928,765",(X),38.3%,(X),"137,193","105,402",,"1,367,949",(X),(X),(X),"62,460","43,979",,"1,054,597",(X),(X),34.6%
Texas,"107,778","80,304",,"7,373,185",41.2%,(X),(X),"93,668","66,963",,"10,796,247",(X),38.8%,(X),"126,519","98,041",,"5,341,490",(X),(X),(X),"58,904","41,190",,"3,423,062",(X),(X),32.2%,"117,182","86,267",,"7,483,376",40.6%,(X),(X),"101,738","72,284",,"11,087,708",(X),37.8%,(X),"137,489","105,245",,"5,401,546",(X),(X),(X),"64,874","45,999",,"3,604,332",(X),(X),30.6%,"123,683","91,467",,"7,587,046",40.5%,(X),(X),"106,549","75,780",,"11,260,645",(X),37.8%,(X),"144,529","109,997",,"5,486,996",(X),(X),(X),"66,123","47,822",,"3,673,599",(X),(X),30.8%,"129,585","96,239",,"7,739,539",40.3%,(X),(X),"111,695","79,721",,"11,449,769",(X),37.6%,(X),"152,184","116,785",,"5,574,265",(X),(X),(X),"69,162","50,036",,"3,710,230",(X),(X),30.6%
Utah,"119,473","92,192",,"798,045",35.3%,(X),(X),"105,076","79,449",,"1,101,499",(X),34.7%,(X),"129,302","100,616",,"652,738",(X),(X),(X),"61,038","45,487",,"303,454",(X),(X),30.6%,"127,229","102,177",,"830,599",33.7%,(X),(X),"114,044","89,168",,"1,129,660",(X),34.2%,(X),"138,068","111,564",,"672,316",(X),(X),(X),"69,275","51,496",,"299,061",(X),(X),32.3%,"131,919","107,507",,"843,162",34.7%,(X),(X),"117,752","93,421",,"1,167,591",(X),34.7%,(X),"144,379","117,765",,"679,547",(X),(X),(X),"72,564","53,736",,"324,429",(X),(X),32.0%,"137,418","111,919",,"849,439",34.6%,(X),(X),"122,370","96,658",,"1,184,428",(X),34.7%,(X),"151,152","123,651",,"679,429",(X),(X),(X),"75,814","56,838",,"334,989",(X),(X),32.3%
Vermont,"114,514","90,556",,"165,039",33.2%,(X),(X),"94,496","72,431",,"270,163",(X),33.0%,(X),N,"102,010",,"130,749",(X),(X),(X),"58,532","40,968",,"105,124",(X),(X),31.5%,"117,603","96,345",,"164,496",32.6%,(X),(X),"97,261","73,991",,"277,090",(X),32.5%,(X),"130,659","108,671",,"131,234",(X),(X),(X),"63,143","46,022",,"112,594",(X),(X),31.0%,"130,537","104,756",,"165,759",32.3%,(X),(X),"105,931","81,211",,"279,612",(X),32.6%,(X),"142,495","116,232",,"132,173",(X),(X),(X),"65,528","46,744",,"113,853",(X),(X),31.8%,"135,160","105,766",,"164,873",32.5%,(X),(X),"109,920","82,730",,"285,548",(X),32.0%,(X),"150,713","118,784",,"128,672",(X),(X),(X),"69,294","52,385",,"120,675",(X),(X),30.0%
Virginia,"131,733","100,763",,"2,164,944",40.0%,(X),(X),"111,287","80,963",,"3,331,461",(X),38.4%,(X),"151,438","118,799",,"1,629,590",(X),(X),(X),"68,715","47,745",,"1,166,517",(X),(X),34.3%,"141,078","107,101",,"2,191,916",39.2%,(X),(X),"119,058","85,873",,"3,380,607",(X),37.2%,(X),"163,178","126,808",,"1,642,002",(X),(X),(X),"73,302","51,436",,"1,188,691",(X),(X),32.4%,"146,231","109,947",,"2,217,793",38.9%,(X),(X),"123,132","89,931",,"3,402,670",(X),36.7%,(X),"168,277","129,881",,"1,665,817",(X),(X),(X),"74,648","53,526",,"1,184,877",(X),(X),31.3%,"150,526","114,278",,"2,231,548",37.9%,(X),(X),"127,363","92,090",,"3,449,307",(X),36.4%,(X),"173,213","135,478",,"1,664,649",(X),(X),(X),"79,782","57,059",,"1,217,759",(X),(X),32.4%
Washington,"135,552","102,178",,"1,937,081",33.2%,(X),(X),"116,349","84,247",,"3,022,255",(X),32.2%,(X),"153,821","118,038",,"1,503,723",(X),(X),(X),"75,817","52,055",,"1,085,174",(X),(X),28.3%,"146,344","109,192",,"1,935,445",34.9%,(X),(X),"125,847","91,306",,"3,079,953",(X),33.3%,(X),"165,028","124,257",,"1,499,199",(X),(X),(X),"84,851","57,299",,"1,144,508",(X),(X),29.1%,"151,529","113,053",,"1,954,339",34.0%,(X),(X),"129,161","94,605",,"3,101,265",(X),32.2%,(X),"171,199","129,836",,"1,511,217",(X),(X),(X),"84,222","59,147",,"1,146,926",(X),(X),27.4%,"161,312","120,265",,"1,980,171",33.2%,(X),(X),"136,793","99,389",,"3,168,080",(X),31.5%,(X),"181,874","136,875",,"1,537,506",(X),(X),(X),"89,336","61,937",,"1,187,909",(X),(X),27.1%
West Virginia,"87,614","66,669",,"462,328",39.2%,(X),(X),"72,294","51,248",,"722,201",(X),36.8%,(X),"100,305","79,548",,"345,572",(X),(X),(X),"42,223","28,989",,"259,873",(X),(X),30.6%,"89,306","70,318",,"463,064",36.4%,(X),(X),"75,265","54,329",,"736,341",(X),34.2%,(X),"102,844","83,915",,"338,510",(X),(X),(X),"48,384","31,082",,"273,277",(X),(X),29.3%,"93,936","73,421",,"457,298",36.6%,(X),(X),"76,585","55,948",,"743,644",(X),34.6%,(X),"107,953","86,392",,"336,677",(X),(X),(X),"45,593","32,846",,"286,346",(X),(X),30.3%,"97,074","78,252",,"472,539",36.1%,(X),(X),"81,114","60,798",,"740,840",(X),35.1%,(X),"111,019","91,334",,"349,674",(X),(X),(X),"49,005","33,866",,"268,301",(X),(X),32.0%
Wisconsin,"107,124","85,810",,"1,514,656",35.0%,(X),(X),"88,304","67,125",,"2,449,970",(X),34.3%,(X),"120,929","99,381",,"1,162,694",(X),(X),(X),"54,073","40,664",,"935,314",(X),(X),32.0%,"114,906","91,700",,"1,511,105",33.5%,(X),(X),"94,085","70,996",,"2,491,121",(X),32.1%,(X),"129,517","105,109",,"1,171,977",(X),(X),(X),"57,892","42,812",,"980,016",(X),(X),28.7%,"120,531","96,999",,"1,503,221",33.3%,(X),(X),"97,894","74,631",,"2,495,539",(X),31.6%,(X),"134,989","110,739",,"1,169,734",(X),(X),(X),"59,771","45,567",,"992,318",(X),(X),28.0%,"123,358","100,319",,"1,520,495",32.5%,(X),(X),"100,929","77,488",,"2,535,198",(X),31.5%,(X),"138,683","113,558",,"1,174,673",(X),(X),(X),"63,272","48,114",,"1,014,703",(X),(X),29.2%
Wyoming,"105,191","83,789",,"150,833",33.6%,(X),(X),"86,911","65,204",,"242,763",(X),33.1%,(X),"114,752","93,500",,"120,894",(X),(X),(X),"54,175","36,982",,"91,930",(X),(X),31.3%,"106,006","86,552",,"153,365",34.3%,(X),(X),"90,018","70,042",,"243,321",(X),32.8%,(X),"117,273","98,789",,"119,329",(X),(X),(X),"57,301","40,019",,"89,956",(X),(X),28.8%,"106,990","91,428",,"154,419",33.2%,(X),(X),"93,304","72,415",,"247,368",(X),33.1%,(X),"119,138","101,463",,"121,639",(X),(X),(X),"66,632","43,817",,"92,949",(X),(X),31.5%,"122,593","94,951",,"160,123",36.1%,(X),(X),"101,197","75,532",,"256,289",(X),34.4%,(X),"137,161","107,526",,"127,893",(X),(X),(X),"62,740","43,664",,"96,166",(X),(X),29.8%
